Name,Address,Email,Phone
Sherry Harrison,"785 Simon Ridges Suite 688
New Amymouth, AK 41186",shall@example.org,416.736.3223x56585
Kyle Becker,"4160 Kenneth Rest
New James, MI 65488",robert74@example.com,898.850.4128x01356
Thomas Henry,"595 Hunter Island Apt. 014
Lake Michaelton, IL 36357",brian21@example.com,802-437-1373x740
Donna Campbell,"840 Leslie Street Suite 911
Chaneystad, OK 41271",nyoung@example.net,806.582.4622
Mark Maldonado,"177 Turner Avenue
Lake Michaelport, KY 28696",pedrosmith@example.net,443-444-8552
Kevin Friedman,"USCGC Thornton
FPO AP 05856",rmcmahon@example.com,519-520-4052
Craig Brown,"730 Walker Cove
Lake Sheila, CA 95232",evelynray@example.org,879.321.9080x06204
Kevin Lopez,"966 Nguyen Landing Suite 473
Port Maryview, WA 94070",bartlettryan@example.com,(610)985-3148x74584
Candice Baker,"06101 John Meadow Apt. 865
Martinport, AZ 86890",rodriguezmary@example.org,486.393.9309x2953
Kenneth Schneider,"005 Jones Views
Port Briannaberg, VI 90368",adamsamanda@example.net,5958045962
Mathew Hernandez,"75721 Martin Glens
Bowersberg, GA 59217",lnelson@example.net,763-430-8480
Darlene Rich,"078 King Meadows
Rossview, SC 29603",joshuavargas@example.com,521-228-7454
Jesse Smith,"Unit 8361 Box 7450
DPO AA 07432",whitakertravis@example.com,860-665-9578x22141
Michael Jenkins,"00433 Justin Viaduct
South Perryberg, ND 69506",joneslisa@example.org,001-348-830-8910
Megan Spears,"71113 Giles Loop Suite 071
Brianmouth, DE 33912",fletcherruth@example.com,(699)499-7818
Scott Mcknight,"9527 Derrick Pines Apt. 602
Timothyville, WI 57018",christopher48@example.org,001-253-289-5204x7364
Caleb Fuentes,"4765 Kathy Falls
Jenniferside, MH 15785",amandasnyder@example.net,904.651.4172x332
Arthur Day,"68435 Tim Meadow
South Emma, MP 20653",christinethomas@example.org,+1-714-747-5833x197
Kyle Harris,"720 Lopez Burgs Apt. 429
Port Kyleville, CT 17867",rhart@example.com,453-729-2683
Carla Brooks,"541 Danielle Spur
Lake Matthewport, IL 89768",pperez@example.net,694.357.9240x290
Paul Cruz,"52218 Harris Forks
South Sharon, IA 92102",melissa72@example.org,212-487-9182
Karla Arnold,"10691 Susan Field Suite 173
Port Amanda, FL 71732",kristin22@example.org,001-409-213-6093x312
Lee Wood,"PSC 8023, Box 0579
APO AE 99704",eoliver@example.com,7027714590
Jacqueline Clark,"31340 Smith Glen
East David, OH 53164",thomasmichael@example.org,344.439.6659
Luis Williams,"96662 Brian Rapid
North Laura, AK 31969",kathleen81@example.com,249-252-3137x00364
Stephen Terry,"Unit 5348 Box 8676
DPO AA 61219",melissa08@example.com,(303)686-3367x7542
Robert Gentry,"6307 Alexa Neck
Port Chelseaview, MA 40798",awhite@example.com,+1-484-541-0163x69869
Kathryn Potter,"8527 Martinez Crossing
Teresafort, DC 17992",lcarter@example.net,5887674327
Melanie Rose,"2158 Nixon Pass Suite 325
Lisaberg, NV 77850",annacontreras@example.com,+1-876-789-8247
Michael Cuevas,"2946 Daniel Island Suite 967
Trevorland, MH 36043",jessicaevans@example.org,001-997-974-1151
Brian Lindsey,"2925 Ward Cove
New Christopherfurt, GU 07136",hillmichael@example.com,001-815-820-7103x080
Colin Zimmerman,"2667 Johnny Terrace
Valenciaside, MT 54496",riveraheather@example.com,775-269-6876
Charles Tucker,"754 Sharon Garden
Hollandhaven, WV 75899",amoore@example.org,(507)480-7190x4461
David Burke,"66131 Hill Lodge
North Anthony, ND 32662",harringtonteresa@example.com,3313190915
Jaime Sims,"823 Laura Unions Suite 735
Frederickchester, PA 70992",patricia77@example.net,495.754.6789
Amanda Jackson,"48981 Burns Corner Apt. 087
Howardmouth, RI 75851",johnsonjames@example.org,997-419-5000x304
Latasha Miller,"78726 David Well
Port Corey, DC 92882",brandy53@example.net,300-899-8389
Travis Carr,"81235 Hamilton Trail Apt. 870
Brookeside, KY 07578",jeffery60@example.com,6172335010
Hayley Ross,"37780 Catherine Isle
Charlesmouth, VT 25483",stacey13@example.com,814-373-9394
Brandon Morgan,"8881 Connie Islands
New Brandon, IN 05477",esmith@example.net,(293)247-4215x627
Brian Bernard,"393 Charles Mountains Suite 577
North Karenton, OH 80136",williamford@example.com,001-363-261-2347x274
Natalie Nguyen,"7158 Travis Locks Suite 484
Davidburgh, PA 40819",dustin09@example.org,663.320.3460x186
Wyatt Estrada,"PSC 4331, Box 8285
APO AP 82122",sarahhoward@example.com,651-907-0210
Ryan Cox,"47025 Thomas Ports Apt. 050
Brandyshire, WY 02444",keith41@example.com,320-900-8564x76159
Megan Lara,"75932 Tiffany Tunnel Suite 179
Lake James, NJ 47748",jessica61@example.org,(579)403-0411
Jeremy Boyer,"0468 Sanders View Apt. 757
West Carriechester, KS 52734",millerjonathan@example.org,6373378615
Jody Brown,"54185 Davis Walk
Hollowayborough, NC 50086",jsimmons@example.org,4482560500
Michaela Ho,"76927 Connor Landing Apt. 464
West Rebeccaville, IL 44528",danagonzales@example.net,695.236.5415
Ralph Strong,"308 Connie Drive Suite 014
Port Kimberlyville, MN 70909",murphyjacob@example.com,532.423.1072
Aaron Howell MD,"2136 Williams Circles
Port Alejandra, VT 15364",kari04@example.org,(352)673-2311x7862
Ashley Freeman,"4235 Martinez Pine Suite 472
Port James, MP 07980",goodmandenise@example.org,339-380-9390x4324
Leslie Chan,"0902 Savage Via
Kellyton, RI 86443",upark@example.org,857-892-1744x19926
Sandra Caldwell,"867 Baker Fork Suite 751
Hollandfurt, VT 01313",michellecisneros@example.com,+1-407-577-3752x85749
Tonya Hampton,"5707 Tyrone Crest
Lindsaymouth, OH 45187",heatheredwards@example.com,(858)682-7257x6147
Guy Salazar,"145 Paige Isle Apt. 980
Adamshaven, SD 71148",alisha67@example.com,001-294-973-9591x97176
Allison Pace,"7487 Rachael Locks
Nelsonborough, IL 84217",williammurray@example.net,746.857.5509
Clifford Wade,"USNS Brennan
FPO AP 14308",brownthomas@example.org,001-640-702-1040x018
Kara Riley,"69553 Torres Hollow
Port Carlamouth, LA 53347",walterwood@example.org,5413230388
Anthony Alvarez,"77100 Jaclyn Springs
West Michael, CO 99674",cochrandenise@example.com,001-693-439-2220x498
Joanna Brown,"13818 Larry Route
New Michael, WV 52012",claythomas@example.org,+1-647-361-3948x32954
Veronica Martinez,"252 Amanda Mission Suite 958
Karachester, DC 74249",latoyabenson@example.com,9799368591
Jordan Guzman,"63425 Samuel Summit
Amandafort, NJ 32719",margaretmccoy@example.net,(202)329-7703
Amanda Sanchez,"USNS James
FPO AP 94643",bartlettkaren@example.org,001-434-213-3643x74527
Daniel Delacruz,"2956 Ingram Junctions
Ramirezton, MT 85793",tiffany12@example.com,921.728.0153x27543
Christine Murray,"12294 Zhang Viaduct Apt. 888
Lake Tylerhaven, NC 77300",cmorales@example.net,847.646.6489x822
Todd Owens,"804 Maynard Knolls
West Troyfurt, KY 81989",april74@example.com,554-512-9780
Susan Bailey,"93567 Bennett Crossroad
South Toddside, VA 75522",stephanieclark@example.org,7328998519
Stephanie Kemp,"PSC 5419, Box 0472
APO AP 42835",wgray@example.net,(983)884-3662x817
Jennifer Dennis,"51144 Olivia Green Apt. 844
East Katherineport, SC 47259",sanchezrobert@example.com,947.707.2427
Kimberly Velasquez,"8426 Walter Branch
New Angela, AZ 01323",glewis@example.net,(768)201-7023
Michael Campbell,"972 Ryan Junctions Suite 901
Stevensberg, OH 57014",jamesmartin@example.net,001-696-585-0911x747
Matthew Gonzalez,"93641 Stanley Well Apt. 304
Lake Lorifurt, SD 53871",thomassalazar@example.net,(319)791-2858x77011
Dr. Jamie Orr,"986 Hernandez Pass Suite 595
West Carlaside, VA 32167",fgolden@example.org,+1-670-586-9896
Lauren Delgado,"481 Janet Flat
New Emilychester, PA 22687",wgomez@example.com,+1-624-409-5883x98494
Cynthia Ortiz,"33770 Greer Trail Apt. 474
Melanieside, PW 58461",awatson@example.net,(747)682-8111x266
Jasmin Blake,"816 Aaron Points
Port Brycefurt, WI 33861",stephanievasquez@example.org,253-735-5313x5639
Richard Davis,"563 Veronica Vista Apt. 084
Jamesland, VI 95001",amy50@example.org,(314)989-4548x6580
Victoria Schneider,"40853 Denise Way Suite 233
Janetton, OR 39427",clarkjennifer@example.com,001-491-610-0770x442
Rebecca Vasquez,"91894 Barnes Ford
East Christopherville, RI 90596",williamsbobby@example.net,+1-932-650-0013x3333
Amy Cross,"537 Ronald Pine
Vanessastad, MP 41948",jessica83@example.com,001-493-884-5828x899
Sarah Hopkins,"Unit 9017 Box 5954
DPO AP 47259",williamsjeremy@example.org,790.717.4159
Jason Craig,"495 Newman Parks Suite 062
Vincentbury, LA 62104",dominguezmelissa@example.net,+1-252-384-3432x8786
Daniel Vasquez,"45142 Watts Drive Apt. 083
West Jonathanbury, MO 64359",emily06@example.net,(904)439-6548
Haley Berger,"689 Kim Brooks
Cantrellfurt, NE 62268",maryalexander@example.org,001-357-263-4378x06364
Scott Joyce,"543 Keith Springs
New Jameschester, KS 77095",douglas48@example.org,001-345-417-3525x187
Sheila Harding,"PSC 2088, Box 6815
APO AE 71561",susan87@example.net,359.433.9197
Miguel Fields,"46976 Gonzalez Parkways
Curtisfort, MA 03117",taylorsmith@example.com,+1-846-609-8458x40551
David Ellison,"389 Wilson Key Suite 871
East David, AZ 50771",goodsabrina@example.com,+1-573-696-2864
Richard Davis,"01279 Roy Crossing
Shawnburgh, PA 70781",parrishjeffrey@example.org,(799)217-0815
Tracy Ward,"39561 John Walks
Kirbyburgh, MD 85255",henrymichael@example.org,001-239-564-0777x6695
George Davis,"0962 Matthews Roads
Allisonmouth, PR 79173",blove@example.com,779.608.5969
Chad Smith,"249 Jacob Ridges
South Michaelfurt, OR 99607",russell70@example.org,001-942-327-0192x0443
Loretta Spencer,"2471 Kathy Burgs
Horneside, CT 71204",qwarren@example.net,+1-609-393-8843x2827
Steven Morris,"09746 Christine Expressway Apt. 421
Lake Eric, DE 31602",nsmith@example.net,8312206819
Bobby Hutchinson,"049 Koch Ramp Suite 571
Smithport, MD 65149",nicholasturner@example.org,672.773.5996
Andrea Mckinney,"5865 White Bridge Suite 254
West Nicholas, TX 61106",jamesarcher@example.net,315-265-7672
Gabrielle Cisneros,"8729 Ford Plains Suite 190
Port Lisa, CO 95380",christine28@example.net,+1-269-344-2007x523
Angela Acevedo,"161 Zachary Station
Port Meredith, WY 70365",ayalaryan@example.net,(313)686-6062x695
Robert Montes,"72287 Brian Unions
Lake Jane, DC 55915",earl37@example.com,(284)972-9613x317
David Osborn,"86481 Hall Forges Suite 860
Emilyton, NC 86958",stokeskeith@example.com,916.942.2077x902
