,response_value,Name
0,this text + Sherry Harrison,Sherry Harrison
1,this text + Kyle Becker,Kyle Becker
2,this text + Thomas Henry,Thomas Henry
3,this text + Donna Campbell,Donna Campbell
4,this text + Mark Maldonado,Mark Maldonado
5,this text + Kevin Friedman,Kevin Friedman
6,this text + Craig Brown,Craig Brown
7,this text + Kevin Lopez,Kevin Lopez
8,this text + Candice Baker,Candice Baker
9,this text + Kenneth Schneider,Kenneth Schneider
10,this text + Mathew Hernandez,Mathew Hernandez
11,this text + Darlene Rich,Darlene Rich
12,this text + Jesse Smith,Jesse Smith
13,this text + Michael Jenkins,Michael Jenkins
14,this text + Megan Spears,Megan Spears
15,this text + Scott Mcknight,Scott Mcknight
16,this text + Caleb Fuentes,Caleb Fuentes
17,this text + Arthur Day,Arthur Day
18,this text + Kyle Harris,Kyle Harris
19,this text + Carla Brooks,Carla Brooks
20,this text + Paul Cruz,Paul Cruz
21,this text + Karla Arnold,Karla Arnold
22,this text + Lee Wood,Lee Wood
23,this text + Jacqueline Clark,Jacqueline Clark
24,this text + Luis Williams,Luis Williams
25,this text + Stephen Terry,Stephen Terry
26,this text + Robert Gentry,Robert Gentry
27,this text + Kathryn Potter,Kathryn Potter
28,this text + Melanie Rose,Melanie Rose
29,this text + Michael Cuevas,Michael Cuevas
30,this text + Brian Lindsey,Brian Lindsey
31,this text + Colin Zimmerman,Colin Zimmerman
32,this text + Charles Tucker,Charles Tucker
33,this text + David Burke,David Burke
34,this text + Jaime Sims,Jaime Sims
35,this text + Amanda Jackson,Amanda Jackson
36,this text + Latasha Miller,Latasha Miller
37,this text + Travis Carr,Travis Carr
38,this text + Hayley Ross,Hayley Ross
39,this text + Brandon Morgan,Brandon Morgan
40,this text + Brian Bernard,Brian Bernard
41,this text + Natalie Nguyen,Natalie Nguyen
42,this text + Wyatt Estrada,Wyatt Estrada
43,this text + Ryan Cox,Ryan Cox
44,this text + Megan Lara,Megan Lara
45,this text + Jeremy Boyer,Jeremy Boyer
46,this text + Jody Brown,Jody Brown
47,this text + Michaela Ho,Michaela Ho
48,this text + Ralph Strong,Ralph Strong
49,this text + Aaron Howell MD,Aaron Howell MD
50,this text + Ashley Freeman,Ashley Freeman
51,this text + Leslie Chan,Leslie Chan
52,this text + Sandra Caldwell,Sandra Caldwell
53,this text + Tonya Hampton,Tonya Hampton
54,this text + Guy Salazar,Guy Salazar
55,this text + Allison Pace,Allison Pace
56,this text + Clifford Wade,Clifford Wade
57,this text + Kara Riley,Kara Riley
58,this text + Anthony Alvarez,Anthony Alvarez
59,this text + Joanna Brown,Joanna Brown
60,this text + Veronica Martinez,Veronica Martinez
61,this text + Jordan Guzman,Jordan Guzman
62,this text + Amanda Sanchez,Amanda Sanchez
63,this text + Daniel Delacruz,Daniel Delacruz
64,this text + Christine Murray,Christine Murray
65,this text + Todd Owens,Todd Owens
66,this text + Susan Bailey,Susan Bailey
67,this text + Stephanie Kemp,Stephanie Kemp
68,this text + Jennifer Dennis,Jennifer Dennis
69,this text + Kimberly Velasquez,Kimberly Velasquez
70,this text + Michael Campbell,Michael Campbell
71,this text + Matthew Gonzalez,Matthew Gonzalez
72,this text + Dr. Jamie Orr,Dr. Jamie Orr
73,this text + Lauren Delgado,Lauren Delgado
74,this text + Cynthia Ortiz,Cynthia Ortiz
75,this text + Jasmin Blake,Jasmin Blake
76,this text + Richard Davis,Richard Davis
77,this text + Victoria Schneider,Victoria Schneider
78,this text + Rebecca Vasquez,Rebecca Vasquez
79,this text + Amy Cross,Amy Cross
80,this text + Sarah Hopkins,Sarah Hopkins
81,this text + Jason Craig,Jason Craig
82,this text + Daniel Vasquez,Daniel Vasquez
83,this text + Haley Berger,Haley Berger
84,this text + Scott Joyce,Scott Joyce
85,this text + Sheila Harding,Sheila Harding
86,this text + Miguel Fields,Miguel Fields
87,this text + David Ellison,David Ellison
88,this text + Richard Davis,Richard Davis
89,this text + Tracy Ward,Tracy Ward
90,this text + George Davis,George Davis
91,this text + Chad Smith,Chad Smith
92,this text + Loretta Spencer,Loretta Spencer
93,this text + Steven Morris,Steven Morris
94,this text + Bobby Hutchinson,Bobby Hutchinson
95,this text + Andrea Mckinney,Andrea Mckinney
96,this text + Gabrielle Cisneros,Gabrielle Cisneros
97,this text + Angela Acevedo,Angela Acevedo
98,this text + Robert Montes,Robert Montes
99,this text + David Osborn,David Osborn
